<?xml version="1.0" encoding="ISO-8859-15"?>
<uc-export clientvers="12.0.0+low.build.9911">
<DOCU name="PCK.AUTOMIC_MICROSOFT_BIZTALK.PUB.DOC">
<HEADER state="1">
<Title>Pack Documentation</Title>
<ArchiveKey1/>
<ArchiveKey2/>
<OH_SubType/>
</HEADER>
<DOCU_Docu state="1" type="text">
<DOC><![CDATA[About the Package
An action pack for BizTalk using powerCLI. 

=Supported versions=

=Setup=
* The Agent should be able to access BizTalk powerCLI in order to executing CMDLET.

=Common Inputs=
(None)

=Actions=
Following actions are supported.

* Action name:  PCK.AUTOMIC_MICROSOFT_BIZTALK.PUB.ACTION.START_APPLICATION
* Action Description:  This action Start application for provided application name.

* Action name:  PCK.AUTOMIC_MICROSOFT_BIZTALK.PUB.ACTION.DELETE_APPLICATION
* Action Description:  This action Delete application for provided application name.

* Action name:  PCK.AUTOMIC_MICROSOFT_BIZTALK.PUB.ACTION.STOP_APPLICATION
* Action Description:  This action Stop  application for provided application name.

* Action name:   PCK.AUTOMIC_MICROSOFT_BIZTALK.PUB.ACTION.UNINSTALL_APPLICATION
* Action Description:  This action uninstall a application for provided application name.]]></DOC>
</DOCU_Docu>
</DOCU>
</uc-export>