<?xml version="1.0" encoding="ISO-8859-15" standalone="no"?>
<uc-export clientvers="12.0.0+low.build.9911">
<VARA OVD_VRName="FREI" data_type="STATIC" name="PCK.AUTOMIC_MICROSOFT_BIZTALK.PUB.VAR.METADATA" replacementmode="2">
<HEADER state="1">
<Title/>
<ArchiveKey1/>
<ArchiveKey2/>
<OH_SubType>STATIC</OH_SubType>
</HEADER>
<ATTR_VARA state="1">
<Type>C|Text</Type>
<lblSource>Static</lblSource>
<source>STATIC</source>
<VRName>FREI|Freely selected</VRName>
<NotFoundErr>0</NotFoundErr>
<NotFoundDef>1</NotFoundDef>
<ShareN>0</ShareN>
<ShareL>0</ShareL>
<ShareR>0</ShareR>
<MaxValue_C>1024</MaxValue_C>
<CheckMax_C>0</CheckMax_C>
<uppercase>0</uppercase>
<sortColumn>0</sortColumn>
<sortDirection>0</sortDirection>
</ATTR_VARA>
<VARA state="1">
<Variables>
<row Name="Categories" Value="Automic Microsoft BizTalk" Value1="" Value2="" Value3="" Value4=""/>
<row Name="Company" Value="Automic Software GmbH" Value1="" Value2="" Value3="" Value4=""/>
<row Name="Dependencies" Value="PCK.ITPA_SHARED ~&gt; 1.1" Value1="" Value2="" Value3="" Value4=""/>
<row Name="Description" Value="Provides integration with MS BizTalk using powerCLI" Value1="" Value2="" Value3="" Value4=""/>
<row Name="Homepage" Value="www.automic.com" Value1="" Value2="" Value3="" Value4=""/>
<row Name="License" Value="Automic License" Value1="" Value2="" Value3="" Value4=""/>
<row Name="Name" Value="PCK.AUTOMIC_MICROSOFT_BIZTALK" Value1="" Value2="" Value3="" Value4=""/>
<row Name="Package Format Version" Value="0.1.0" Value1="" Value2="" Value3="" Value4=""/>
<row Name="Title" Value="Automic Microsoft BizTalk" Value1="" Value2="" Value3="" Value4=""/>
<row Name="Version" Value="1.0.0" Value1="" Value2="" Value3="" Value4=""/>
<row Name="Build Number" Value="4932" Value1="" Value2="" Value3="" Value4=""/>
<row Name="Revision" Value="b6a52a0" Value1="" Value2="" Value3="" Value4=""/>
</Variables>
</VARA>
<DOCU_Docu state="1" type="text">
<DOC/>
</DOCU_Docu>
</VARA>
</uc-export>
